{
  "_note1": "KEEP THIS FILE! Check it into a version control system (VCS) like git.",
  "_note2": "ObjectBox manages crucial IDs for your object model. See docs for details.",
  "_note3": "If you have VCS merge conflicts, you must resolve them according to ObjectBox docs.",
  "entities": [
    {
      "id": "1:3624734634042719814",
      "lastPropertyId": "38:8585583188399221305",
      "name": "user_table",
      "properties": [
        {
          "id": "1:2123322531540542097",
          "name": "id",
          "type": 6,
          "flags": 129
        },
        {
          "id": "2:4288976941396308643",
          "name": "login",
          "indexId": "1:8056768006712808251",
          "type": 9,
          "flags": 2048
        },
        {
          "id": "3:4823874728359609090",
          "name": "avatarUrl",
          "type": 9
        },
        {
          "id": "4:5561300181189076097",
          "name": "gravatarId",
          "type": 9
        },
        {
          "id": "5:7105226946938098409",
          "name": "url",
          "type": 9
        },
        {
          "id": "6:2333982346619618019",
          "name": "htmlUrl",
          "type": 9
        },
        {
          "id": "7:8504881741613962848",
          "name": "followersUrl",
          "type": 9
        },
        {
          "id": "8:1984798298686058096",
          "name": "followingUrl",
          "type": 9
        },
        {
          "id": "9:6959998240868450105",
          "name": "gistsUrl",
          "type": 9
        },
        {
          "id": "10:7436369404084476201",
          "name": "starredUrl",
          "type": 9
        },
        {
          "id": "11:2511848999209979999",
          "name": "subscriptionsUrl",
          "type": 9
        },
        {
          "id": "12:3828803488340216758",
          "name": "organizationsUrl",
          "type": 9
        },
        {
          "id": "13:5732391597614322621",
          "name": "reposUrl",
          "type": 9
        },
        {
          "id": "14:1616167385979597587",
          "name": "eventsUrl",
          "type": 9
        },
        {
          "id": "15:8388270131012093616",
          "name": "receivedEventsUrl",
          "type": 9
        },
        {
          "id": "16:8532139435166878807",
          "name": "type",
          "type": 9
        },
        {
          "id": "17:5081642957642004808",
          "name": "siteAdmin",
          "type": 1
        },
        {
          "id": "18:4135186923990230250",
          "name": "name",
          "type": 9
        },
        {
          "id": "19:7890541861424824604",
          "name": "company",
          "type": 9
        },
        {
          "id": "20:7759863248383042985",
          "name": "blog",
          "type": 9
        },
        {
          "id": "21:2438677511753858098",
          "name": "location",
          "type": 9
        },
        {
          "id": "22:7415542887610205167",
          "name": "email",
          "type": 9
        },
        {
          "id": "23:6222185717134888675",
          "name": "hireable",
          "type": 1
        },
        {
          "id": "24:4140840383425048327",
          "name": "bio",
          "type": 9
        },
        {
          "id": "25:4568045637603143909",
          "name": "publicRepos",
          "type": 6
        },
        {
          "id": "26:4021103466791062082",
          "name": "publicGists",
          "type": 6
        },
        {
          "id": "27:8846270543604703262",
          "name": "followers",
          "type": 6
        },
        {
          "id": "28:7176981043484363911",
          "name": "following",
          "type": 6
        },
        {
          "id": "29:7575976190292788768",
          "name": "createdAt",
          "type": 10
        },
        {
          "id": "30:4087813877497265051",
          "name": "updatedAt",
          "type": 10
        },
        {
          "id": "31:5730833405300821932",
          "name": "contributions",
          "type": 5
        },
        {
          "id": "32:4417523313483049564",
          "name": "followingName",
          "type": 9
        },
        {
          "id": "33:1533271533651103564",
          "name": "followerName",
          "type": 9
        },
        {
          "id": "34:4687460356447374726",
          "name": "date_column",
          "type": 10
        },
        {
          "id": "35:6648004887579076976",
          "name": "repoId",
          "type": 9
        },
        {
          "id": "36:1526347822966695131",
          "name": "description",
          "type": 9
        },
        {
          "id": "37:1253022574388483389",
          "name": "hasOrganizationProjects",
          "type": 1
        },
        {
          "id": "38:8585583188399221305",
          "name": "twitter",
          "type": 9
        }
      ],
      "relations": []
    },
    {
      "id": "2:8673565581196680349",
      "lastPropertyId": "36:3440180129500557484",
      "name": "Login",
      "properties": [
        {
          "id": "1:4631654291981835788",
          "name": "id",
          "type": 6,
          "flags": 129
        },
        {
          "id": "2:6290686434220931159",
          "name": "login",
          "indexId": "2:2180968239685893464",
          "type": 9,
          "flags": 2048
        },
        {
          "id": "3:1624327359193310517",
          "name": "avatarUrl",
          "type": 9
        },
        {
          "id": "4:4570499528114610885",
          "name": "gravatarId",
          "type": 9
        },
        {
          "id": "5:8110220313080728543",
          "name": "url",
          "type": 9
        },
        {
          "id": "6:6994716153201971179",
          "name": "htmlUrl",
          "type": 9
        },
        {
          "id": "7:4399840282525363032",
          "name": "followersUrl",
          "type": 9
        },
        {
          "id": "8:9364146831222519",
          "name": "followingUrl",
          "type": 9
        },
        {
          "id": "9:8656337915117760670",
          "name": "gistsUrl",
          "type": 9
        },
        {
          "id": "10:6209336098782262493",
          "name": "starredUrl",
          "type": 9
        },
        {
          "id": "11:2786251639373528331",
          "name": "subscriptionsUrl",
          "type": 9
        },
        {
          "id": "12:6261629422166786103",
          "name": "organizationsUrl",
          "type": 9
        },
        {
          "id": "13:4335395830671591997",
          "name": "reposUrl",
          "type": 9
        },
        {
          "id": "14:5379974599617881627",
          "name": "eventsUrl",
          "type": 9
        },
        {
          "id": "15:5721559207195264175",
          "name": "receivedEventsUrl",
          "type": 9
        },
        {
          "id": "16:4763153569796544493",
          "name": "type",
          "type": 9
        },
        {
          "id": "17:4511010296378536640",
          "name": "siteAdmin",
          "type": 1
        },
        {
          "id": "18:2244015261580691228",
          "name": "name",
          "type": 9
        },
        {
          "id": "19:3985893776746799032",
          "name": "company",
          "type": 9
        },
        {
          "id": "20:8513338775584746980",
          "name": "blog",
          "type": 9
        },
        {
          "id": "21:8332183776306159419",
          "name": "location",
          "type": 9
        },
        {
          "id": "22:4404380785873132089",
          "name": "email",
          "type": 9
        },
        {
          "id": "23:6224845644221534828",
          "name": "hireable",
          "type": 1
        },
        {
          "id": "24:7102190626116305563",
          "name": "bio",
          "type": 9
        },
        {
          "id": "25:3423270807038467684",
          "name": "publicRepos",
          "type": 6
        },
        {
          "id": "26:1374864265139946407",
          "name": "publicGists",
          "type": 6
        },
        {
          "id": "27:5889349796376973516",
          "name": "followers",
          "type": 6
        },
        {
          "id": "28:1028518547163100283",
          "name": "following",
          "type": 6
        },
        {
          "id": "29:1491121058636600180",
          "name": "createdAt",
          "type": 10
        },
        {
          "id": "30:8495103973426486834",
          "name": "updatedAt",
          "type": 10
        },
        {
          "id": "31:1393850675555755446",
          "name": "token",
          "type": 9
        },
        {
          "id": "32:5826225677161355333",
          "name": "contributions",
          "type": 5
        },
        {
          "id": "33:990668163994880370",
          "name": "isLoggedIn",
          "type": 1
        },
        {
          "id": "34:5454133033474250591",
          "name": "isEnterprise",
          "type": 1
        },
        {
          "id": "35:8672918820203597284",
          "name": "otpCode",
          "type": 9
        },
        {
          "id": "36:3440180129500557484",
          "name": "enterpriseUrl",
          "type": 9
        }
      ],
      "relations": []
    },
    {
      "id": "3:4623779228470602803",
      "lastPropertyId": "5:1451227509955844687",
      "name": "ViewerFile",
      "properties": [
        {
          "id": "1:5419464740968962470",
          "name": "id",
          "type": 6,
          "flags": 1
        },
        {
          "id": "2:8548700869926810977",
          "name": "markdown",
          "type": 1
        },
        {
          "id": "3:3982477365015103160",
          "name": "content",
          "type": 9
        },
        {
          "id": "4:1991270497199725401",
          "name": "fullUrl",
          "indexId": "3:1340568249697256227",
          "type": 9,
          "flags": 2080
        },
        {
          "id": "5:1451227509955844687",
          "name": "repo",
          "type": 1
        }
      ],
      "relations": []
    },
    {
      "id": "4:8052006458527369721",
      "lastPropertyId": "2:50051188958522283",
      "name": "SearchHistory",
      "properties": [
        {
          "id": "1:947578578813329067",
          "name": "id",
          "type": 6,
          "flags": 129
        },
        {
          "id": "2:50051188958522283",
          "name": "text",
          "indexId": "4:596351998174856336",
          "type": 9,
          "flags": 2080
        }
      ],
      "relations": []
    },
    {
      "id": "5:1013846410085377753",
      "lastPropertyId": "12:7834972259553057031",
      "name": "RepoFile",
      "properties": [
        {
          "id": "1:1034944249809245171",
          "name": "id",
          "type": 6,
          "flags": 129
        },
        {
          "id": "2:5992839511193510841",
          "name": "name",
          "type": 9
        },
        {
          "id": "3:11143584056612849",
          "name": "path",
          "type": 9
        },
        {
          "id": "4:6873986881196002850",
          "name": "sha",
          "type": 9
        },
        {
          "id": "5:8018935930600032152",
          "name": "size",
          "type": 6
        },
        {
          "id": "6:5782315239751355348",
          "name": "url",
          "type": 9
        },
        {
          "id": "7:2120016379693970477",
          "name": "htmlUrl",
          "type": 9
        },
        {
          "id": "8:8173286067778120463",
          "name": "gitUrl",
          "type": 9
        },
        {
          "id": "9:3829240438981020029",
          "name": "downloadUrl",
          "type": 9
        },
        {
          "id": "10:5214857662942553956",
          "name": "type",
          "type": 5
        },
        {
          "id": "11:4613513959508360792",
          "name": "repoId",
          "type": 9
        },
        {
          "id": "12:7834972259553057031",
          "name": "login",
          "type": 9
        }
      ],
      "relations": []
    },
    {
      "id": "6:4012671333273695608",
      "lastPropertyId": "78:7329150508761777203",
      "name": "Repo",
      "properties": [
        {
          "id": "1:3167387199542598237",
          "name": "id",
          "type": 6,
          "flags": 129
        },
        {
          "id": "2:2811451373079099407",
          "name": "name",
          "type": 9
        },
        {
          "id": "3:4384674639172189493",
          "name": "fullName",
          "type": 9
        },
        {
          "id": "4:3134981912619738001",
          "name": "privateX",
          "type": 1
        },
        {
          "id": "5:2801778176821750241",
          "name": "htmlUrl",
          "type": 9
        },
        {
          "id": "6:2064643213599500891",
          "name": "description",
          "type": 9
        },
        {
          "id": "7:5322172639084533788",
          "name": "fork",
          "type": 1
        },
        {
          "id": "8:2320213822279563432",
          "name": "url",
          "type": 9
        },
        {
          "id": "9:8883636555008961540",
          "name": "forksUrl",
          "type": 9
        },
        {
          "id": "10:4668413341371201889",
          "name": "keysUrl",
          "type": 9
        },
        {
          "id": "11:8537006634670715684",
          "name": "collaboratorsUrl",
          "type": 9
        },
        {
          "id": "12:3672269297155990428",
          "name": "teamsUrl",
          "type": 9
        },
        {
          "id": "13:1589717286232065657",
          "name": "hooksUrl",
          "type": 9
        },
        {
          "id": "14:4423002851035895241",
          "name": "issueEventsUrl",
          "type": 9
        },
        {
          "id": "15:3103901484975036734",
          "name": "eventsUrl",
          "type": 9
        },
        {
          "id": "16:714779708111739557",
          "name": "assigneesUrl",
          "type": 9
        },
        {
          "id": "17:7385287477971700638",
          "name": "branchesUrl",
          "type": 9
        },
        {
          "id": "18:3630822643288354503",
          "name": "tagsUrl",
          "type": 9
        },
        {
          "id": "19:951770689589346489",
          "name": "blobsUrl",
          "type": 9
        },
        {
          "id": "20:5794347776061662954",
          "name": "gitTagsUrl",
          "type": 9
        },
        {
          "id": "21:3817017531371703215",
          "name": "gitRefsUrl",
          "type": 9
        },
        {
          "id": "22:4874909778202761810",
          "name": "treesUrl",
          "type": 9
        },
        {
          "id": "23:9212382441730148181",
          "name": "statusesUrl",
          "type": 9
        },
        {
          "id": "24:1083806444000440131",
          "name": "languagesUrl",
          "type": 9
        },
        {
          "id": "25:380601291579589079",
          "name": "stargazersUrl",
          "type": 9
        },
        {
          "id": "26:3274119859640224011",
          "name": "contributorsUrl",
          "type": 9
        },
        {
          "id": "27:3880186106275412957",
          "name": "subscribersUrl",
          "type": 9
        },
        {
          "id": "28:6521044872565366839",
          "name": "subscriptionUrl",
          "type": 9
        },
        {
          "id": "29:2263991424134378033",
          "name": "commitsUrl",
          "type": 9
        },
        {
          "id": "30:8848972476291324858",
          "name": "gitCommitsUrl",
          "type": 9
        },
        {
          "id": "31:7872213719719146206",
          "name": "commentsUrl",
          "type": 9
        },
        {
          "id": "32:4513885821947675338",
          "name": "issueCommentUrl",
          "type": 9
        },
        {
          "id": "33:70118661682317451",
          "name": "contentsUrl",
          "type": 9
        },
        {
          "id": "34:3243552471568117075",
          "name": "compareUrl",
          "type": 9
        },
        {
          "id": "35:3227500805932590948",
          "name": "mergesUrl",
          "type": 9
        },
        {
          "id": "36:7243573216096502541",
          "name": "archiveUrl",
          "type": 9
        },
        {
          "id": "37:6611817058924229724",
          "name": "downloadsUrl",
          "type": 9
        },
        {
          "id": "38:8461249386774254064",
          "name": "issuesUrl",
          "type": 9
        },
        {
          "id": "39:8126805064819110402",
          "name": "pullsUrl",
          "type": 9
        },
        {
          "id": "40:2840080335783338277",
          "name": "milestonesUrl",
          "type": 9
        },
        {
          "id": "41:5101070412024877147",
          "name": "notificationsUrl",
          "type": 9
        },
        {
          "id": "42:6374839161116872316",
          "name": "labelsUrl",
          "type": 9
        },
        {
          "id": "43:4606938213757102167",
          "name": "releasesUrl",
          "type": 9
        },
        {
          "id": "44:989760839281243895",
          "name": "createdAt",
          "type": 10
        },
        {
          "id": "45:915765533471157560",
          "name": "updatedAt",
          "type": 10
        },
        {
          "id": "46:3385627998109678979",
          "name": "pushedAt",
          "type": 10
        },
        {
          "id": "47:6370636141701740108",
          "name": "gitUrl",
          "type": 9
        },
        {
          "id": "48:1828845496360206942",
          "name": "sshUrl",
          "type": 9
        },
        {
          "id": "49:6250545492317986604",
          "name": "cloneUrl",
          "type": 9
        },
        {
          "id": "50:9162921663827596254",
          "name": "svnUrl",
          "type": 9
        },
        {
          "id": "51:7259865334767701031",
          "name": "homepage",
          "type": 9
        },
        {
          "id": "52:3445860535516530785",
          "name": "size",
          "type": 6
        },
        {
          "id": "53:8698317038084453957",
          "name": "stargazersCount",
          "type": 6
        },
        {
          "id": "54:6131613885833617976",
          "name": "watchersCount",
          "type": 6
        },
        {
          "id": "55:2552190267472917974",
          "name": "language_column",
          "type": 9
        },
        {
          "id": "56:7417553785370888030",
          "name": "hasIssues",
          "type": 1
        },
        {
          "id": "57:2492371020193408448",
          "name": "hasDownloads",
          "type": 1
        },
        {
          "id": "58:5795038041469577685",
          "name": "hasWiki",
          "type": 1
        },
        {
          "id": "59:8497609524894151680",
          "name": "hasPages",
          "type": 1
        },
        {
          "id": "60:6459136281495935109",
          "name": "forksCount",
          "type": 6
        },
        {
          "id": "61:952666657983966482",
          "name": "mirrorUrl",
          "type": 9
        },
        {
          "id": "62:6959128068803500591",
          "name": "openIssuesCount",
          "type": 6
        },
        {
          "id": "63:3699041660448678297",
          "name": "forks",
          "type": 6
        },
        {
          "id": "64:9129374570521798245",
          "name": "openIssues",
          "type": 6
        },
        {
          "id": "65:4688671991829541084",
          "name": "watchers",
          "type": 6
        },
        {
          "id": "66:8015758933703959829",
          "name": "defaultBranch",
          "type": 9
        },
        {
          "id": "67:1813827616538054864",
          "name": "topics",
          "type": 9
        },
        {
          "id": "68:2331503576892529292",
          "name": "owner",
          "type": 9
        },
        {
          "id": "69:927781505224489542",
          "name": "permissions",
          "type": 9
        },
        {
          "id": "70:4797145455156347368",
          "name": "organization",
          "type": 9
        },
        {
          "id": "71:1710646003068814138",
          "name": "parent",
          "type": 9
        },
        {
          "id": "72:1144854784083711605",
          "name": "source",
          "type": 9
        },
        {
          "id": "73:530099011550139079",
          "name": "license",
          "type": 9
        },
        {
          "id": "74:8195631995647412832",
          "name": "subsCount",
          "type": 5
        },
        {
          "id": "75:8140707597377430201",
          "name": "networkCount",
          "type": 5
        },
        {
          "id": "76:2602244628202091",
          "name": "starredUser",
          "type": 9
        },
        {
          "id": "77:6208105060224513725",
          "name": "reposOwner",
          "type": 9
        },
        {
          "id": "78:7329150508761777203",
          "name": "hasProjects",
          "type": 1
        }
      ],
      "relations": []
    },
    {
      "id": "7:1372333325774118043",
      "lastPropertyId": "19:6048150346791617325",
      "name": "Release",
      "properties": [
        {
          "id": "1:1417404399394828753",
          "name": "id",
          "type": 6,
          "flags": 129
        },
        {
          "id": "2:2780926105764755014",
          "name": "url",
          "type": 9
        },
        {
          "id": "3:8457463147734606142",
          "name": "htmlUrl",
          "type": 9
        },
        {
          "id": "4:7920945646560883548",
          "name": "assetsUrl",
          "type": 9
        },
        {
          "id": "5:1608136216100585691",
          "name": "uploadUrl",
          "type": 9
        },
        {
          "id": "6:8799891766229002051",
          "name": "tagName",
          "type": 9
        },
        {
          "id": "7:7738628466372835096",
          "name": "targetCommitish",
          "type": 9
        },
        {
          "id": "8:4987813827178624090",
          "name": "name",
          "type": 9
        },
        {
          "id": "9:201276854358232289",
          "name": "draft",
          "type": 1
        },
        {
          "id": "10:1303197420998055953",
          "name": "preRelease",
          "type": 1
        },
        {
          "id": "11:445106043615646376",
          "name": "createdAt",
          "type": 10
        },
        {
          "id": "12:7684928120821342985",
          "name": "publishedAt",
          "type": 10
        },
        {
          "id": "13:1484890272842480758",
          "name": "repoId",
          "type": 9
        },
        {
          "id": "14:1882722838940999503",
          "name": "login",
          "type": 9
        },
        {
          "id": "15:35693856458713262",
          "name": "tarballUrl",
          "type": 9
        },
        {
          "id": "16:7618077905492590749",
          "name": "body",
          "type": 9
        },
        {
          "id": "17:3139939797647319754",
          "name": "zipBallUrl",
          "type": 9
        },
        {
          "id": "18:468610838475852447",
          "name": "author",
          "type": 9
        },
        {
          "id": "19:6048150346791617325",
          "name": "assets",
          "type": 9
        }
      ],
      "relations": []
    },
    {
      "id": "9:6776762499334764443",
      "lastPropertyId": "40:5465313771623876745",
      "name": "PullRequest",
      "properties": [
        {
          "id": "1:7340869497930878416",
          "name": "id",
          "type": 6,
          "flags": 129
        },
        {
          "id": "2:2223140260142224538",
          "name": "url",
          "type": 9
        },
        {
          "id": "3:3079652419478147679",
          "name": "body",
          "type": 9
        },
        {
          "id": "4:7585031429489765413",
          "name": "title",
          "type": 9
        },
        {
          "id": "5:8152751667898210818",
          "name": "comments",
          "type": 5
        },
        {
          "id": "6:1693852349780001353",
          "name": "number",
          "type": 5
        },
        {
          "id": "7:278186998735593867",
          "name": "locked",
          "type": 1
        },
        {
          "id": "8:7453729289142749772",
          "name": "mergable",
          "type": 1
        },
        {
          "id": "9:319478923490028278",
          "name": "merged",
          "type": 1
        },
        {
          "id": "10:7329594277671219628",
          "name": "mergeable",
          "type": 1
        },
        {
          "id": "11:3117264917150341937",
          "name": "commits",
          "type": 5
        },
        {
          "id": "12:8438436981195314330",
          "name": "additions",
          "type": 5
        },
        {
          "id": "13:6145805704263607606",
          "name": "deletions",
          "type": 5
        },
        {
          "id": "14:1551127652465925050",
          "name": "state",
          "type": 5
        },
        {
          "id": "15:7650461645417395319",
          "name": "bodyHtml",
          "type": 9
        },
        {
          "id": "16:5982134569254631815",
          "name": "htmlUrl",
          "type": 9
        },
        {
          "id": "17:8778047268784497000",
          "name": "closedAt",
          "type": 10
        },
        {
          "id": "18:5368572308229100302",
          "name": "createdAt",
          "type": 10
        },
        {
          "id": "19:8886109394187125486",
          "name": "updatedAt",
          "type": 10
        },
        {
          "id": "20:8123243354307676019",
          "name": "changedFiles",
          "type": 5
        },
        {
          "id": "21:3823583137620593089",
          "name": "diffUrl",
          "type": 9
        },
        {
          "id": "22:6612579726495562631",
          "name": "patchUrl",
          "type": 9
        },
        {
          "id": "23:72330957162942724",
          "name": "mergeCommitSha",
          "type": 9
        },
        {
          "id": "24:6747258766995773321",
          "name": "mergedAt",
          "type": 10
        },
        {
          "id": "25:1622296398741699280",
          "name": "mergeState",
          "type": 9
        },
        {
          "id": "26:4361436374744257074",
          "name": "reviewComments",
          "type": 5
        },
        {
          "id": "27:4566427745468375355",
          "name": "repoId",
          "type": 9
        },
        {
          "id": "28:5229974833330476367",
          "name": "login",
          "type": 9
        },
        {
          "id": "29:4458013062750333500",
          "name": "mergeableState",
          "type": 9
        },
        {
          "id": "30:1551956203942428148",
          "name": "assignees",
          "type": 9
        },
        {
          "id": "31:4002244975445479310",
          "name": "mergedBy",
          "type": 9
        },
        {
          "id": "32:4608402911363516401",
          "name": "closedBy",
          "type": 9
        },
        {
          "id": "33:981914437877686986",
          "name": "user_column",
          "type": 9
        },
        {
          "id": "34:6603757818357970923",
          "name": "assignee",
          "type": 9
        },
        {
          "id": "35:9160074794045209558",
          "name": "labels",
          "type": 9
        },
        {
          "id": "36:456223328220740361",
          "name": "milestone",
          "type": 9
        },
        {
          "id": "37:5876443203174424694",
          "name": "base",
          "type": 9
        },
        {
          "id": "38:3738607955547246698",
          "name": "head",
          "type": 9
        },
        {
          "id": "39:3779953813044090196",
          "name": "pullRequest",
          "type": 9
        },
        {
          "id": "40:5465313771623876745",
          "name": "reactions",
          "type": 9
        }
      ],
      "relations": []
    },
    {
      "id": "10:9194507164696369619",
      "lastPropertyId": "5:5980947427307814700",
      "name": "PinnedRepos",
      "properties": [
        {
          "id": "1:6051215544539458208",
          "name": "id",
          "type": 6,
          "flags": 1
        },
        {
          "id": "2:6034902682542217303",
          "name": "repoFullName",
          "indexId": "5:8292330817543176396",
          "type": 9,
          "flags": 2080
        },
        {
          "id": "3:1903552236838109190",
          "name": "pinnedRepo",
          "type": 9
        },
        {
          "id": "4:2288817226804534701",
          "name": "entryCount",
          "type": 5
        },
        {
          "id": "5:5980947427307814700",
          "name": "login",
          "type": 9
        }
      ],
      "relations": []
    },
    {
      "id": "11:4310930609881386694",
      "lastPropertyId": "5:8234072634183161711",
      "name": "PinnedPullRequests",
      "properties": [
        {
          "id": "1:4597308224822270358",
          "name": "id",
          "type": 6,
          "flags": 1
        },
        {
          "id": "2:1435671296289934630",
          "name": "entryCount",
          "type": 5
        },
        {
          "id": "3:5930479288152348059",
          "name": "login",
          "type": 9
        },
        {
          "id": "4:726573887830538795",
          "name": "pullRequest",
          "type": 9
        },
        {
          "id": "5:8234072634183161711",
          "name": "pullRequestId",
          "type": 6
        }
      ],
      "relations": []
    },
    {
      "id": "12:6102618454391209062",
      "lastPropertyId": "5:1772930369080779908",
      "name": "PinnedIssues",
      "properties": [
        {
          "id": "1:4839056473048179285",
          "name": "id",
          "type": 6,
          "flags": 1
        },
        {
          "id": "2:1885594365746858190",
          "name": "entryCount",
          "type": 5
        },
        {
          "id": "3:4912844496922173618",
          "name": "login",
          "type": 9
        },
        {
          "id": "4:8250507870412022854",
          "name": "issue",
          "type": 9
        },
        {
          "id": "5:1772930369080779908",
          "name": "issueId",
          "type": 6
        }
      ],
      "relations": []
    },
    {
      "id": "13:6100457700860728529",
      "lastPropertyId": "5:525256167316413817",
      "name": "PinnedGists",
      "properties": [
        {
          "id": "1:2454190295038932248",
          "name": "id",
          "type": 6,
          "flags": 1
        },
        {
          "id": "2:3736720215054753838",
          "name": "entryCount",
          "type": 5
        },
        {
          "id": "3:473917961711130678",
          "name": "login",
          "type": 9
        },
        {
          "id": "4:1712394307394334791",
          "name": "gist",
          "type": 9
        },
        {
          "id": "5:525256167316413817",
          "name": "gistId",
          "type": 6
        }
      ],
      "relations": []
    },
    {
      "id": "14:7019833753660080202",
      "lastPropertyId": "9:1651244013523369698",
      "name": "Notification",
      "properties": [
        {
          "id": "1:1475220418262111338",
          "name": "id",
          "type": 6,
          "flags": 129
        },
        {
          "id": "2:4380857339054227161",
          "name": "repository",
          "type": 9
        },
        {
          "id": "3:8822691696761901225",
          "name": "subject",
          "type": 9
        },
        {
          "id": "4:2138116899422989641",
          "name": "reason",
          "type": 5
        },
        {
          "id": "5:4259897399017280736",
          "name": "url",
          "type": 9
        },
        {
          "id": "6:8971513018897595385",
          "name": "unread",
          "type": 1
        },
        {
          "id": "7:3103039899980837666",
          "name": "updatedAt",
          "type": 10
        },
        {
          "id": "8:6162609023324892386",
          "name": "lastReadAt",
          "type": 10
        },
        {
          "id": "9:1651244013523369698",
          "name": "isSubscribed",
          "type": 1
        }
      ],
      "relations": []
    },
    {
      "id": "15:7070236213328729181",
      "lastPropertyId": "2:7875406660672141796",
      "name": "NotificationQueue",
      "properties": [
        {
          "id": "1:4914293905399801932",
          "name": "notificationId",
          "type": 6,
          "flags": 129
        },
        {
          "id": "2:7875406660672141796",
          "name": "updateAt",
          "type": 10
        }
      ],
      "relations": []
    },
    {
      "id": "16:2795562440965637285",
      "lastPropertyId": "18:4941064815418950651",
      "name": "IssueEvent",
      "properties": [
        {
          "id": "1:3887717161958293321",
          "name": "id",
          "type": 6,
          "flags": 129
        },
        {
          "id": "2:1238623833987972017",
          "name": "url",
          "type": 9
        },
        {
          "id": "3:6434049167475145029",
          "name": "event",
          "type": 5
        },
        {
          "id": "4:2617639289599462568",
          "name": "actor",
          "type": 9
        },
        {
          "id": "5:7923148443701063868",
          "name": "assigner",
          "type": 9
        },
        {
          "id": "6:8988888915019125389",
          "name": "assignee",
          "type": 9
        },
        {
          "id": "7:2874243605140917626",
          "name": "requestedReviewer",
          "type": 9
        },
        {
          "id": "8:640756530400423474",
          "name": "requestedTeam",
          "type": 9
        },
        {
          "id": "9:819313551790199826",
          "name": "milestone",
          "type": 9
        },
        {
          "id": "10:3431802055524130170",
          "name": "rename",
          "type": 9
        },
        {
          "id": "11:3783918285925237173",
          "name": "source",
          "type": 9
        },
        {
          "id": "12:3305375830299860584",
          "name": "label",
          "type": 9
        },
        {
          "id": "13:7219974621441575705",
          "name": "commitId",
          "type": 9
        },
        {
          "id": "14:1031889761968087956",
          "name": "commitUrl",
          "type": 9
        },
        {
          "id": "15:2158169423679280516",
          "name": "createdAt",
          "type": 10
        },
        {
          "id": "16:1624670123389467253",
          "name": "issueId",
          "type": 9
        },
        {
          "id": "17:242669817164258116",
          "name": "repoId",
          "type": 9
        },
        {
          "id": "18:4941064815418950651",
          "name": "login",
          "type": 9
        }
      ],
      "relations": []
    },
    {
      "id": "17:4181616445043606015",
      "lastPropertyId": "6:6134123109789518284",
      "name": "FastHubNotification",
      "properties": [
        {
          "id": "1:8498076335491665252",
          "name": "id",
          "type": 6,
          "flags": 1
        },
        {
          "id": "2:1150367764997663510",
          "name": "notification_date",
          "type": 10
        },
        {
          "id": "3:6195052908075814932",
          "name": "read",
          "type": 1
        },
        {
          "id": "4:1682538629174974051",
          "name": "body",
          "type": 9
        },
        {
          "id": "5:5165486110608184583",
          "name": "title",
          "type": 9
        },
        {
          "id": "6:6134123109789518284",
          "name": "type",
          "type": 5
        }
      ],
      "relations": []
    },
    {
      "id": "18:3293679477491307852",
      "lastPropertyId": "25:8083656520653247070",
      "name": "Issue",
      "properties": [
        {
          "id": "1:4893077403526451221",
          "name": "id",
          "type": 6,
          "flags": 129
        },
        {
          "id": "2:7343360506229147257",
          "name": "url",
          "type": 9
        },
        {
          "id": "3:2049353622740690981",
          "name": "body",
          "type": 9
        },
        {
          "id": "4:2217910491137621136",
          "name": "title",
          "type": 9
        },
        {
          "id": "5:8566548407013022919",
          "name": "comments",
          "type": 5
        },
        {
          "id": "6:7846052250126170307",
          "name": "number",
          "type": 5
        },
        {
          "id": "7:2184886078798150107",
          "name": "locked",
          "type": 1
        },
        {
          "id": "8:4000367338570823822",
          "name": "state",
          "type": 5
        },
        {
          "id": "9:2257053198824683373",
          "name": "repoUrl",
          "type": 9
        },
        {
          "id": "10:8820723478848605488",
          "name": "bodyHtml",
          "type": 9
        },
        {
          "id": "11:1624089192447050418",
          "name": "htmlUrl",
          "type": 9
        },
        {
          "id": "12:8641648646126898959",
          "name": "closedAt",
          "type": 10
        },
        {
          "id": "13:4957388658143761002",
          "name": "createdAt",
          "type": 10
        },
        {
          "id": "14:6128599564037575728",
          "name": "updatedAt",
          "type": 10
        },
        {
          "id": "15:7294662115787868283",
          "name": "repoId",
          "type": 9
        },
        {
          "id": "16:1324349824144338800",
          "name": "login",
          "type": 9
        },
        {
          "id": "17:7946133475027394859",
          "name": "user_column",
          "type": 9
        },
        {
          "id": "18:945538307961542546",
          "name": "assignee",
          "type": 9
        },
        {
          "id": "19:4835568238680066227",
          "name": "assignees",
          "type": 9
        },
        {
          "id": "20:4233624728902356398",
          "name": "labels",
          "type": 9
        },
        {
          "id": "21:2877146362442749846",
          "name": "milestone",
          "type": 9
        },
        {
          "id": "22:7466842269355972184",
          "name": "repository",
          "type": 9
        },
        {
          "id": "23:7671389845753391822",
          "name": "pullRequest",
          "type": 9
        },
        {
          "id": "24:4921660165297982987",
          "name": "closedBy",
          "type": 9
        },
        {
          "id": "25:8083656520653247070",
          "name": "reactions",
          "type": 9
        }
      ],
      "relations": []
    },
    {
      "id": "19:8884230182814689032",
      "lastPropertyId": "8:511944835851361446",
      "name": "Event",
      "properties": [
        {
          "id": "1:1523939314347238929",
          "name": "id",
          "type": 6,
          "flags": 129
        },
        {
          "id": "2:1029200333772982817",
          "name": "type",
          "type": 5
        },
        {
          "id": "3:8346959637852593039",
          "name": "createdAt",
          "type": 10
        },
        {
          "id": "4:5641292183142651410",
          "name": "actor",
          "type": 9
        },
        {
          "id": "5:2517178724960024739",
          "name": "repo",
          "type": 9
        },
        {
          "id": "6:5004272934545699611",
          "name": "payload",
          "type": 9
        },
        {
          "id": "7:7846534325135395493",
          "name": "publicEvent",
          "type": 1
        },
        {
          "id": "8:511944835851361446",
          "name": "login",
          "type": 9
        }
      ],
      "relations": []
    },
    {
      "id": "20:8989675767897915218",
      "lastPropertyId": "31:8670428490384075660",
      "name": "Comment",
      "properties": [
        {
          "id": "1:5775046072431666786",
          "name": "id",
          "type": 6,
          "flags": 129
        },
        {
          "id": "2:8584228834749723078",
          "name": "url",
          "type": 9
        },
        {
          "id": "4:4991768818547591686",
          "name": "htmlUrl",
          "type": 9
        },
        {
          "id": "5:5162869387635025242",
          "name": "login",
          "type": 9
        },
        {
          "id": "6:3703907809987506793",
          "name": "repoId",
          "type": 9
        },
        {
          "id": "17:7325657985337142673",
          "name": "user_column",
          "type": 9
        },
        {
          "id": "19:856983257068765880",
          "name": "body",
          "type": 9
        },
        {
          "id": "20:1497855933215345081",
          "name": "bodyHtml",
          "type": 9
        },
        {
          "id": "21:5308492703250554098",
          "name": "createdAt",
          "type": 10
        },
        {
          "id": "22:4195714257491809048",
          "name": "updatedAt",
          "type": 10
        },
        {
          "id": "23:5911782538762097434",
          "name": "position",
          "type": 5
        },
        {
          "id": "24:1243685170589796240",
          "name": "line",
          "type": 5
        },
        {
          "id": "25:8679290959972031439",
          "name": "path",
          "type": 9
        },
        {
          "id": "26:2901229308836066502",
          "name": "commitId",
          "type": 9
        },
        {
          "id": "27:3612319193759452774",
          "name": "gistId",
          "type": 9
        },
        {
          "id": "28:916751833378792070",
          "name": "issueId",
          "type": 9
        },
        {
          "id": "29:1720808946131066245",
          "name": "pullRequestId",
          "type": 9
        },
        {
          "id": "30:1794232357280167215",
          "name": "reactions",
          "type": 9
        },
        {
          "id": "31:8670428490384075660",
          "name": "authorAssociation",
          "type": 9
        }
      ],
      "relations": []
    },
    {
      "id": "21:8548569530263343063",
      "lastPropertyId": "18:3293060696954589886",
      "name": "commit_table",
      "properties": [
        {
          "id": "1:7721266728817609957",
          "name": "id",
          "type": 6,
          "flags": 1
        },
        {
          "id": "2:4652342423738560149",
          "name": "url",
          "type": 9
        },
        {
          "id": "3:5967695191994445788",
          "name": "sha",
          "type": 9
        },
        {
          "id": "4:6228030421931830261",
          "name": "htmlUrl",
          "type": 9
        },
        {
          "id": "5:5236756408391789509",
          "name": "login",
          "type": 9
        },
        {
          "id": "6:8281223025988819415",
          "name": "repoId",
          "type": 9
        },
        {
          "id": "7:4270368697303078895",
          "name": "pullRequestNumber",
          "type": 6
        },
        {
          "id": "8:4367985284566209939",
          "name": "stats",
          "type": 9
        },
        {
          "id": "9:8358872461815277367",
          "name": "files",
          "type": 9
        },
        {
          "id": "10:5638704428337155127",
          "name": "parents",
          "type": 9
        },
        {
          "id": "11:8651867357718004621",
          "name": "ref_column",
          "type": 9
        },
        {
          "id": "12:6377262728667834861",
          "name": "distincted",
          "type": 1
        },
        {
          "id": "13:3937894981740248630",
          "name": "gitCommit",
          "type": 9
        },
        {
          "id": "14:5079153173393180469",
          "name": "author",
          "type": 9
        },
        {
          "id": "15:6174710519816887051",
          "name": "committer",
          "type": 9
        },
        {
          "id": "16:4666213497601035052",
          "name": "repo",
          "type": 9
        },
        {
          "id": "17:7569162302597154821",
          "name": "user_column",
          "type": 9
        },
        {
          "id": "18:3293060696954589886",
          "name": "commentCount",
          "type": 5
        }
      ],
      "relations": []
    },
    {
      "id": "22:4603657846312523152",
      "lastPropertyId": "19:1088199126173912230",
      "name": "Gist",
      "properties": [
        {
          "id": "1:2872984623312865357",
          "name": "id",
          "type": 6,
          "flags": 129
        },
        {
          "id": "2:6949180913085362945",
          "name": "url",
          "type": 9
        },
        {
          "id": "3:5028411513910526864",
          "name": "forksUrl",
          "type": 9
        },
        {
          "id": "4:1207986669965370368",
          "name": "commitsUrl",
          "type": 9
        },
        {
          "id": "5:5196968255067835952",
          "name": "gitPullUrl",
          "type": 9
        },
        {
          "id": "6:6030668264218301300",
          "name": "gitPushUrl",
          "type": 9
        },
        {
          "id": "7:10263152123036247",
          "name": "htmlUrl",
          "type": 9
        },
        {
          "id": "8:3261909216536082865",
          "name": "publicX",
          "type": 1
        },
        {
          "id": "9:2980764564901500441",
          "name": "createdAt",
          "type": 10
        },
        {
          "id": "10:5050802436427088119",
          "name": "updatedAt",
          "type": 10
        },
        {
          "id": "11:3452517789115962084",
          "name": "description",
          "type": 9
        },
        {
          "id": "12:1193177079577471710",
          "name": "comments",
          "type": 5
        },
        {
          "id": "13:97915282813734783",
          "name": "commentsUrl",
          "type": 9
        },
        {
          "id": "14:7258719728601592219",
          "name": "truncated",
          "type": 1
        },
        {
          "id": "15:920159895393053018",
          "name": "ownerName",
          "type": 9
        },
        {
          "id": "16:221456310719532843",
          "name": "gistId",
          "type": 9
        },
        {
          "id": "17:6186526394866599212",
          "name": "files",
          "type": 9
        },
        {
          "id": "18:8653131961560546346",
          "name": "user_column",
          "type": 9
        },
        {
          "id": "19:1088199126173912230",
          "name": "owner",
          "type": 9
        }
      ],
      "relations": []
    },
    {
      "id": "23:6605299837363955289",
      "lastPropertyId": "11:4895489065312793125",
      "name": "GitHubPackage",
      "properties": [
        {
          "id": "1:305995249921543451",
          "name": "id",
          "type": 6,
          "flags": 129
        },
        {
          "id": "2:4842809087665311067",
          "name": "owner",
          "type": 9
        },
        {
          "id": "3:5715304064031206815",
          "name": "name",
          "type": 9
        },
        {
          "id": "4:3595922110633875815",
          "name": "package_type",
          "type": 9
        },
        {
          "id": "5:1870142399727990486",
          "name": "version_count",
          "type": 5
        },
        {
          "id": "6:376424567420812591",
          "name": "visibility",
          "type": 9
        },
        {
          "id": "7:7114869504087548780",
          "name": "url",
          "type": 9
        },
        {
          "id": "8:2935993561297658217",
          "name": "htmlUrl",
          "type": 9
        },
        {
          "id": "9:5716181482638423634",
          "name": "created_at",
          "type": 10
        },
        {
          "id": "10:1148294552916859266",
          "name": "updated_at",
          "type": 10
        },
        {
          "id": "11:4895489065312793125",
          "name": "description",
          "type": 9
        }
      ],
      "relations": []
    }
  ],
  "lastEntityId": "23:6605299837363955289",
  "lastIndexId": "5:8292330817543176396",
  "lastRelationId": "0:0",
  "lastSequenceId": "0:0",
  "modelVersion": 5,
  "modelVersionParserMinimum": 5,
  "retiredEntityUids": [
    1285796697769744136
  ],
  "retiredIndexUids": [],
  "retiredPropertyUids": [
    3723856994332639978,
    8322746965592450802,
    6876693279891018014,
    2241958738462503608,
    7445509542074737368,
    1909185694879267514,
    7243384645431313662,
    846816886532347993,
    7212366569294611643,
    8923640391960277854,
    8069879106444629325,
    5535118167213983018,
    2343887843135257193,
    4573922255400229026,
    1639420455275345343,
    2197141671787471310,
    4027162599142137846,
    8815093303369118367,
    926635225575101403,
    5576271668565019816,
    7622489543065975721,
    6947302010293691782,
    674352400701716521,
    4081291497595364731,
    8482953205484692587,
    6082000551556000982,
    6774993772053758321,
    6587375944866895981,
    1104913205197364039,
    3211626849787387083
  ],
  "retiredRelationUids": [],
  "version": 1
}